,rank_,result,evaluation
0,10,0.011026788162501026,map
1,10,0.012204016195495711,ndcg
2,20,0.012845817079542694,map
3,20,0.01741654601711174,ndcg
4,30,0.013672311785931094,map
5,30,0.021628328883578216,ndcg
